date,opponent,utd_score,opponent_score,confidence,notes,source_title
2/24/2018,Texas St.,33,31,high,,Recap ﻿of 1st day of Lonestar Playoffs
2/24/2018,Texas St.,40,33,high,,Recap ﻿of 1st day of Lonestar Playoffs
2/24/2018,Unknown,0,57,medium,Score from narrative (opponent unknown),Recap ﻿of 1st day of Lonestar Playoffs
2/24/2018,Unknown,17,17,medium,Half-time score (tied),Recap ﻿of 1st day of Lonestar Playoffs
1/28/2018,ACU,55,0,high,,Recap of Abilene Christian match and upcoming Dallas Quinn U23 match
1/21/2018,UNT,3,64,high,,Recap of UNT friendly and upcoming Abilene Christian match
12/3/2017,SFA,96,0,high,,Recap of SFA match
11/12/2017,Quins U23,5,12,high,,Recap of Dallas Harlequins U23 Friendly and upcoming Rice match
10/22/2017,Trinity,53,5,high,,UTD Men continue road down unbeaten street against Trinity U
10/8/2017,Letourneau 1,56,2,high,,Results of UT Dallas Women and Men's matches this weekend
10/8/2017,Letourneau,56,12,high,,Results of UT Dallas Women and Men's matches this weekend
3/4/2017,SHSU,3,7,high,,Day 1 of LSC Playoffs at Tarleton St.
2/19/2017,Rice,15,0,high,,Final league match vs Rice Univ. recap
2/19/2017,Rice 1,27,0,high,,Final league match vs Rice Univ. recap
2/19/2017,Rice,27,10,high,,Final league match vs Rice Univ. recap
2/5/2017,Unknown,17,17,medium,Half-time score (tied),Recap of St. Edward's Match
1/29/2017,LTU 1,26,7,high,,Recap of UT Dallas Men (at Letourneau) and Women's Tournament Weekend
1/29/2017,LTU,26,17,high,,Recap of UT Dallas Men (at Letourneau) and Women's Tournament Weekend
1/22/2017,roughly UD,0,18,high,,1st Match of 2017 versus Univ. of Dallas & preview of next week. USA Rugby names 2017 Academic All Americans
11/20/2016,and Tarleton,7,28,high,,Final games for Men and Women for 2016
11/1/2016,SHSU,5,7,high,,Home games for UT Dallas Men and Women
11/1/2016,SHSU 2,17,6,high,,Home games for UT Dallas Men and Women
11/1/2016,SFA 1,60,4,high,,Home games for UT Dallas Men and Women
11/1/2016,SHSU,17,26,high,,Home games for UT Dallas Men and Women
11/1/2016,SFA,60,14,high,,Home games for UT Dallas Men and Women
10/23/2016,be ASU,0,26,high,,ASU route UTD Men and Women
10/23/2016,ASU,0,24,high,,ASU route UTD Men and Women
10/23/2016,score ASU,5,76,high,,ASU route UTD Men and Women
10/18/2016,UTSA,5,5,high,,Last week both guys and girls in action
10/18/2016,UTSA,10,5,high,,Last week both guys and girls in action
10/2/2016,with UNT,10,36,high,,UT Dallas Women's match write up
9/25/2016,ETBU 2,22,2,high,,Women's week 1 results and write up
9/25/2016,ETBU,22,22,high,,Women's week 1 results and write up
2/29/2016,score ASU,5,45,high,,Lonestar Conference Playoffs recap & Ladies tournament results
2/21/2016,score SEU,7,50,high,,Recap of St. Edward's match and review of upcoming playoffs
2/7/2016,score LTU,19,24,high,,Recap of Letourneau match
1/31/2016,SMU,8,7,high,,Recap of SMU match
1/31/2016,score SMU,3,7,high,,Recap of SMU match
1/26/2016,UD 1,12,2,high,,"Recap of Men, and a weekend full of rugby for guys & ladies"
1/26/2016,UD 1,29,9,high,,"Recap of Men, and a weekend full of rugby for guys & ladies"
1/26/2016,UD,12,12,high,,"Recap of Men, and a weekend full of rugby for guys & ladies"
1/26/2016,UD,29,19,high,,"Recap of Men, and a weekend full of rugby for guys & ladies"
11/22/2015,LTU,10,5,high,,Recap of Ladies Playoff & Men's League Matches
11/22/2015,LTU 1,17,2,high,,Recap of Ladies Playoff & Men's League Matches
11/22/2015,ASU 2,14,9,high,,Recap of Ladies Playoff & Men's League Matches
11/22/2015,ASU 4,14,8,high,,Recap of Ladies Playoff & Men's League Matches
11/22/2015,was LTU,0,5,high,,Recap of Ladies Playoff & Men's League Matches
11/22/2015,LTU,17,12,high,,Recap of Ladies Playoff & Men's League Matches
11/22/2015,ASU,14,29,high,,Recap of Ladies Playoff & Men's League Matches
11/15/2015,Letourneau 1,52,5,high,,Recap of Ladies Playoff Match
11/15/2015,Letourneau,52,15,high,,Recap of Ladies Playoff Match
10/18/2015,SHSU,19,7,high,,UT Dallas Women and Men in action this past Saturday
10/18/2015,Sam Houston,31,19,high,,UT Dallas Women and Men in action this past Saturday
10/18/2015,was UTSA,0,24,high,,UT Dallas Women and Men in action this past Saturday
10/18/2015,score UTSA,17,53,high,,UT Dallas Women and Men in action this past Saturday
10/11/2015,TCU 1,15,2,high,,UTD vs TCU Women's Rugby and UNT Men's rugby
10/11/2015,Letourneau,29,7,high,,UTD vs TCU Women's Rugby and UNT Men's rugby
10/11/2015,Letourneau,55,7,high,,UTD vs TCU Women's Rugby and UNT Men's rugby
10/11/2015,TCU,15,12,high,,UTD vs TCU Women's Rugby and UNT Men's rugby
10/11/2015,Unknown,0,12,medium,Score from narrative (opponent unknown),UTD vs TCU Women's Rugby and UNT Men's rugby
10/4/2015,to,24,0,high,,St. Edward’s H.O.T (Heart of Texas) Tournament
9/13/2015,score SFA,12,17,high,,"Friday night lights, except it's Rugby at UT Dallas"
3/1/2015,ASU 2,12,4,high,,Recap of Sam Houston St. and ASU matches
3/1/2015,ASU,12,24,high,,Recap of Sam Houston St. and ASU matches
2/22/2015,UD 1,5,5,high,,Recap of UD match and preview of this coming weekend
2/22/2015,UD 2,22,7,high,,Recap of UD match and preview of this coming weekend
2/22/2015,UD,5,15,high,,Recap of UD match and preview of this coming weekend
2/22/2015,UD,22,27,high,,Recap of UD match and preview of this coming weekend
12/7/2014,ASU,19,55,high,,Recap of ASU Men and Women's Matches
11/23/2014,Letourneau,14,3,high,,Recap of Men's Letourneau match
11/9/2014,now MSU,14,15,high,,Recap of MSU & Lamar Women's matches plus next weekend
11/2/2014,SMU 1,13,0,high,,Last week the Men hosted cross town rival SMU
11/2/2014,SMU 1,13,5,high,,Last week the Men hosted cross town rival SMU
11/2/2014,SMU,13,10,high,,Last week the Men hosted cross town rival SMU
10/19/2014,TxStW 2,7,2,high,,Recap of Texas St. Women's and UD matches
10/19/2014,TxStW 5,17,8,high,,Recap of Texas St. Women's and UD matches
10/19/2014,TxStW,7,22,high,,Recap of Texas St. Women's and UD matches
10/19/2014,TxStW,17,58,high,,Recap of Texas St. Women's and UD matches
3/24/2014,UD 5,12,3,high,,Texas Cup and Recap of the Cowboy Cup Qualifier
3/24/2014,UNMH 3,17,6,high,,Texas Cup and Recap of the Cowboy Cup Qualifier
3/24/2014,UD,12,53,high,,Texas Cup and Recap of the Cowboy Cup Qualifier
3/24/2014,UNMH,17,36,high,,Texas Cup and Recap of the Cowboy Cup Qualifier
3/3/2014,score SEU,10,58,high,,Recap of the Lonestar Championship Weekend
2/16/2014,MSU 1,14,2,high,,MSU Men and Women's Recap
2/16/2014,MSU,14,12,high,,MSU Men and Women's Recap
2/9/2014,SMU,12,5,high,,Recap of SMU match - Upcoming matches vs MSU
2/9/2014,SMU 1,20,9,high,,Recap of SMU match - Upcoming matches vs MSU
2/9/2014,SMU,20,19,high,,Recap of SMU match - Upcoming matches vs MSU
2/2/2014,UNT 2,25,4,high,,Recap UNT match and upcoming SMU/Sam Houston matches
2/2/2014,UNT 2,30,4,high,,Recap UNT match and upcoming SMU/Sam Houston matches
2/2/2014,UNT,25,24,high,,Recap UNT match and upcoming SMU/Sam Houston matches
2/2/2014,UNT,30,24,high,,Recap UNT match and upcoming SMU/Sam Houston matches
1/26/2014,LeTourneau,32,9,high,,Recap of LeTourneau and TCU matches
1/26/2014,LeTourneau 1,54,4,high,,Recap of LeTourneau and TCU matches
1/26/2014,TCU 4,0,1,high,,Recap of LeTourneau and TCU matches
1/26/2014,TCU 1,15,7,high,,Recap of LeTourneau and TCU matches
1/26/2014,LeTourneau,54,14,high,,Recap of LeTourneau and TCU matches
1/26/2014,TCU,0,41,high,,Recap of LeTourneau and TCU matches
1/26/2014,TCU,15,17,high,,Recap of LeTourneau and TCU matches
1/20/2014,UTSA,5,22,high,,Recap of UTSA match and upcoming Letourneau & TCU matches
11/10/2013,UD,32,5,high,,UT Dallas wins big on Saturday (Recap of UD and Lamar matches)
11/3/2013,LTU,7,0,high,,Recap of UT Dallas vs LeTourneau Match
11/3/2013,LTU,26,6,high,,Recap of UT Dallas vs LeTourneau Match
10/27/2013,TCU,12,0,high,,Recap of Colorado College and TCU matches
10/27/2013,Colorado College,24,37,high,,Recap of Colorado College and TCU matches
10/27/2013,was TCU,7,27,high,,Recap of Colorado College and TCU matches
10/20/2013,MSU,31,5,high,,Recap of Midwestern ST. and Sam Houston Women's matches
10/20/2013,MSU 1,55,7,high,,Recap of Midwestern ST. and Sam Houston Women's matches
10/20/2013,MSU,55,17,high,,Recap of Midwestern ST. and Sam Houston Women's matches
10/13/2013,UD 1,34,4,high,,Recap of UT Dallas vs UD match
10/13/2013,UD,34,14,high,,Recap of UT Dallas vs UD match
3/30/2013,DU 1,0,2,high,,Recap of the Cowboy Cup Weekend
3/30/2013,DU,0,12,high,,Recap of the Cowboy Cup Weekend
3/6/2013,UTSA 2,5,7,high,,Recap of Championship Weekend & Ladies matches
3/6/2013,ASU 1,24,2,high,,Recap of Championship Weekend & Ladies matches
3/6/2013,ASU 2,41,4,high,,Recap of Championship Weekend & Ladies matches
3/6/2013,UTSA,5,27,high,,Recap of Championship Weekend & Ladies matches
3/6/2013,ASU,24,12,high,,Recap of Championship Weekend & Ladies matches
3/6/2013,ASU,41,24,high,,Recap of Championship Weekend & Ladies matches
2/24/2013,SHSU 1,27,0,high,,Recap of UT Dallas Women’s Rugby Club’s first match vs Sam Houston St
2/24/2013,match SHSU,0,45,high,,Recap of UT Dallas Women’s Rugby Club’s first match vs Sam Houston St
2/24/2013,half SHSU,0,21,high,,Recap of UT Dallas Women’s Rugby Club’s first match vs Sam Houston St
2/24/2013,score SHSU,0,38,high,,Recap of UT Dallas Women’s Rugby Club’s first match vs Sam Houston St
2/24/2013,SHSU,27,10,high,,Recap of UT Dallas Women’s Rugby Club’s first match vs Sam Houston St
2/3/2013,MSU 1,23,5,high,,Recap of MSU match and brief last match report
2/3/2013,MSU,23,15,high,,Recap of MSU match and brief last match report
2/3/2013,Midwestern St.,38,30,high,,Recap of MSU match and brief last match report
1/27/2013,LeTourneau,0,0,high,,UT Dallas recap of LeTourneau match & upcoming MSU
1/27/2013,LU,5,0,high,,UT Dallas recap of LeTourneau match & upcoming MSU
1/27/2013,LU,12,0,high,,UT Dallas recap of LeTourneau match & upcoming MSU
1/27/2013,LeTourneau,17,3,high,,UT Dallas recap of LeTourneau match & upcoming MSU
11/23/2012,0 2,4,4,high,,Upcoming UD match and standings
11/23/2012,0,4,24,high,,Upcoming UD match and standings
11/11/2012,SMU 1,73,4,high,,UT Dallas v SMU Recap and a brief look ahead to next week.
11/11/2012,SMU,73,14,high,,UT Dallas v SMU Recap and a brief look ahead to next week.
10/28/2012,MSU 1,17,2,high,,MSU St. recap
10/28/2012,MSU 1,24,9,high,,MSU St. recap
10/28/2012,MUS 2,31,4,high,,MSU St. recap
10/28/2012,MSU 2,31,4,high,,MSU St. recap
10/28/2012,MSU,17,12,high,,MSU St. recap
10/28/2012,MSU,24,19,high,,MSU St. recap
10/28/2012,MUS,31,24,high,,MSU St. recap
10/28/2012,MSU,31,24,high,,MSU St. recap
10/21/2012,LeTourneau 1,53,0,high,,LeTourneau Match Recap and Upcoming MSU match
10/21/2012,LeTourneau,53,10,high,,LeTourneau Match Recap and Upcoming MSU match
10/7/2012,UD 2,33,4,high,,Univ. of Dallas recap and UNT upcoming match
10/7/2012,UD,33,24,high,,Univ. of Dallas recap and UNT upcoming match
9/23/2012,SMU,7,0,high,,Results from St.Edward's Rugby Tournament
9/23/2012,UTSA,19,0,high,,Results from St.Edward's Rugby Tournament
4/17/2012,UPS 1,11,0,high,,UT Dallas’ Run in the NSCRO Playoffs
4/17/2012,UPS 3,11,0,high,,UT Dallas’ Run in the NSCRO Playoffs
4/17/2012,now Wayne,7,34,high,,UT Dallas’ Run in the NSCRO Playoffs
4/17/2012,ended UPS,8,10,high,,UT Dallas’ Run in the NSCRO Playoffs
4/17/2012,UPS,11,10,high,,UT Dallas’ Run in the NSCRO Playoffs
2/25/2012,UTSA,8,10,high,,UT Dallas WINS first TRU DIII Collegiate CHAMPIONSHIP
2/19/2012,Lamar,44,5,high,,UT Dallas First Playoff match vs Lamar
1/29/2012,UTSA,0,5,high,,UT Dallas v UT San Antonio (SMU next weekend update)
1/29/2012,UTSA,5,5,high,,UT Dallas v UT San Antonio (SMU next weekend update)
1/29/2012,UTSA,15,5,high,,UT Dallas v UT San Antonio (SMU next weekend update)
1/22/2012,Sam Houston,17,12,high,,UT Dallas vs Plano HS & Sam Houston St. (1/21)
11/20/2011,MSU 2,54,0,high,,UT Dallas still undefeated midway through the season
11/20/2011,Midwestern St.,47,0,high,,UT Dallas still undefeated midway through the season
11/20/2011,MSU,54,20,high,,UT Dallas still undefeated midway through the season
11/13/2011,Tyler JC,19,10,high,,UT Dallas v Tyler Jr. College
11/13/2011,Tyler JC,51,15,high,,UT Dallas v Tyler Jr. College
10/27/2011,UD,12,62,high,,UT Dallas vs. Univeristy of Dallas
10/11/2011,UTSA,5,7,high,,UTD Rugby in San Antonio
10/11/2011,was ASU,0,15,high,,UTD Rugby in San Antonio
10/11/2011,s,5,7,high,,UTD Rugby in San Antonio
